HitRate@10,Precision@10,Recall@10,NDCG@10,MRR@10,MAP@10,Coverage@10,UsersWithRecs,UsersEvaluated,Personalization@10,w_Popular,w_SVD,w_ContextTFIDF
0.03835407670815342,0.0038354076708153415,0.03835407670815342,0.01934905531040685,0.013644766178421247,0.013644766178421247,0.6662049861495845,3937,3937,0.9434745950957135,0.0,0.0,1.0
0.03403606807213615,0.003403606807213615,0.03403606807213615,0.01789870355678611,0.013017425241199688,0.013017425241199688,0.6447368421052632,3937,3937,0.9454163494325614,0.0,0.1,0.9
0.03352806705613411,0.0033528067056134113,0.03352806705613411,0.01772014182855074,0.012928424269546953,0.012928424269546953,0.6308864265927978,3937,3937,0.8499009933030296,0.1,0.0,0.9
0.0332740665481331,0.00332740665481331,0.0332740665481331,0.01734454598960554,0.012575041023097918,0.012575041023097918,0.6253462603878116,3937,3937,0.9371864218920871,0.0,0.2,0.8
0.031750063500127,0.0031750063500127,0.031750063500127,0.01714781166568502,0.012688333313174564,0.012688333313174564,0.6198060941828255,3937,3937,0.891592774482219,0.1,0.1,0.8
0.03225806451612903,0.0032258064516129037,0.03225806451612903,0.01702310502864856,0.012442799488773582,0.012442799488773582,0.6080332409972299,3937,3937,0.812501705562775,0.2,0.0,0.8
0.031750063500127,0.0031750063500127,0.031750063500127,0.016692692160432746,0.01220190218158214,0.01220190218158214,0.6114958448753463,3937,3937,0.9274736756921871,0.0,0.30000000000000004,0.7000000000000001
0.031242062484124967,0.003124206248412497,0.031242062484124967,0.01647663238168762,0.012068551914881607,0.012068551914881607,0.5921052631578947,3937,3937,0.7788784065734313,0.30000000000000004,0.0,0.7000000000000001
0.03048006096012192,0.003048006096012192,0.03048006096012192,0.016468603084673784,0.012223976035253659,0.012223976035253659,0.5997229916897507,3937,3937,0.908085034471138,0.1,0.2,0.7000000000000001
0.03048006096012192,0.003048006096012192,0.03048006096012192,0.016459429052415292,0.012222161745910794,0.012222161745910794,0.6011080332409973,3937,3937,0.8097464037018067,0.2,0.1,0.7000000000000001
0.02997205994411989,0.002997205994411989,0.02997205994411989,0.0160914994543167,0.011937318319081082,0.011937318319081082,0.5872576177285319,3937,3937,0.9034243779077782,0.1,0.30000000000000004,0.6000000000000001
0.02997205994411989,0.002997205994411989,0.02997205994411989,0.016029196884991444,0.011866157859299845,0.011866157859299845,0.5858725761772853,3937,3937,0.7840472945325685,0.30000000000000004,0.1,0.6000000000000001
0.029464058928117855,0.002946405892811786,0.029464058928117855,0.015723367045470654,0.011636851845132263,0.011636851845132263,0.600415512465374,3937,3937,0.9152476867304356,0.0,0.4,0.6000000000000001
0.02971805943611887,0.002971805943611887,0.02971805943611887,0.015643542016243423,0.011480218198531636,0.011480218198531636,0.5754847645429363,3937,3937,0.7451625405243602,0.4,0.0,0.6000000000000001
0.028194056388112777,0.002819405638811278,0.028194056388112777,0.015574561717536026,0.011767984647080404,0.011767984647080404,0.5768698060941828,3937,3937,0.8358444486211786,0.2,0.2,0.6000000000000001
0.026162052324104648,0.002616205232410465,0.026162052324104648,0.014724843557137164,0.01126643443763078,0.01126643443763078,0.5547091412742382,3937,3937,0.785495480133977,0.30000000000000004,0.2,0.5
0.027178054356108712,0.002717805435610871,0.027178054356108712,0.014705065085227146,0.010972317976381986,0.010972317976381986,0.5685595567867036,3937,3937,0.8928351223405728,0.1,0.4,0.5
0.027178054356108712,0.002717805435610871,0.027178054356108712,0.014535788645858097,0.01076165882490495,0.01076165882490495,0.567174515235457,3937,3937,0.7387189180903607,0.4,0.1,0.5
0.0254000508001016,0.00254000508001016,0.0254000508001016,0.014439219450234317,0.01111403413283017,0.01111403413283017,0.5491689750692521,3937,3937,0.8360947515092958,0.2,0.30000000000000004,0.5
0.027686055372110743,0.002768605537211075,0.027686055372110743,0.01405529871099247,0.010004797787373352,0.010004797787373352,0.5879501385041551,3937,3937,0.9054444519896725,0.0,0.5,0.5
0.026416052832105665,0.0026416052832105665,0.026416052832105665,0.013769868501125793,0.010008930335320989,0.010008930335320989,0.5588642659279779,3937,3937,0.7051079482673631,0.5,0.0,0.5
0.02336804673609347,0.002336804673609347,0.02336804673609347,0.012723472237879875,0.009482383250480786,0.009482383250480786,0.5166204986149584,3937,3937,0.782221025540519,0.30000000000000004,0.30000000000000004,0.4
0.023876047752095505,0.0023876047752095504,0.023876047752095505,0.012607775397591768,0.009212558107655897,0.009212558107655897,0.5270083102493075,3937,3937,0.7515718653592792,0.4,0.2,0.4
0.024638049276098552,0.0024638049276098557,0.024638049276098552,0.012337998455064517,0.008613540242953502,0.008613540242953502,0.5207756232686981,3937,3937,0.8274272112200973,0.2,0.4,0.4
0.027686055372110743,0.0027686055372110746,0.027686055372110743,0.011756458590938131,0.007050026004813914,0.007050026004813914,0.5664819944598338,3937,3937,0.8962241918297559,0.0,0.6000000000000001,0.4
0.025654051308102617,0.002565405130810262,0.025654051308102617,0.011489937373354154,0.007231757320657497,0.007231757320657497,0.5450138504155124,3937,3937,0.8790721726100409,0.1,0.5,0.4
0.026162052324104648,0.002616205232410465,0.026162052324104648,0.010817170894857325,0.0063479968229777734,0.0063479968229777734,0.5450138504155124,3937,3937,0.8837171939981832,0.0,0.7000000000000001,0.30000000000000004
0.024638049276098552,0.0024638049276098552,0.024638049276098552,0.010372860816843157,0.006038559696167011,0.006038559696167011,0.5394736842105263,3937,3937,0.6878142035051148,0.5,0.1,0.4
0.023876047752095505,0.0023876047752095504,0.023876047752095505,0.010290280223827773,0.006275828424672722,0.006275828424672722,0.5145429362880887,3937,3937,0.865379863959773,0.1,0.6000000000000001,0.30000000000000004
0.02489204978409957,0.002489204978409957,0.02489204978409957,0.010279893786773695,0.005853502183194842,0.005853502183194842,0.5318559556786704,3937,3937,0.6563411435382437,0.6000000000000001,0.0,0.4
0.02286004572009144,0.002286004572009144,0.02286004572009144,0.010103745332130884,0.006306973725058561,0.006306973725058561,0.4840720221606648,3937,3937,0.8058057612386021,0.2,0.5,0.30000000000000004
0.02235204470408941,0.002235204470408941,0.02235204470408941,0.009983622810665836,0.0063265277324205445,0.0063265277324205445,0.4778393351800554,3937,3937,0.7609924182296915,0.30000000000000004,0.4,0.30000000000000004
0.023876047752095505,0.002387604775209551,0.023876047752095505,0.009923122452484546,0.005874568098342546,0.005874568098342546,0.5221606648199446,3937,3937,0.8700246275939458,0.0,0.8,0.2
0.02336804673609347,0.002336804673609347,0.02336804673609347,0.009805687050026988,0.0058507807491805465,0.0058507807491805465,0.4743767313019391,3937,3937,0.843606088694749,0.1,0.7000000000000001,0.2
0.021844043688087376,0.002184404368808738,0.021844043688087376,0.009519730819342001,0.0058460434381186225,0.0058460434381186225,0.47714681440443213,3937,3937,0.7381013612440491,0.4,0.30000000000000004,0.30000000000000004
0.02336804673609347,0.002336804673609347,0.02336804673609347,0.009331032620139578,0.005127786446049082,0.005127786446049082,0.49653739612188363,3937,3937,0.5898102441129672,0.7000000000000001,0.0,0.30000000000000004
0.021336042672085345,0.0021336042672085347,0.021336042672085345,0.00924335166283047,0.00554920554285553,0.00554920554285553,0.47714681440443213,3937,3937,0.7015811884030675,0.5,0.2,0.30000000000000004
0.022098044196088393,0.002209804419608839,0.022098044196088393,0.009168347170746985,0.00545405614620753,0.00545405614620753,0.4979224376731302,3937,3937,0.8559632885539684,0.0,0.9,0.1
0.021336042672085345,0.0021336042672085347,0.021336042672085345,0.009092991845069287,0.005533481701884038,0.005533481701884038,0.44113573407202217,3937,3937,0.7631495273103692,0.2,0.6000000000000001,0.2
0.021844043688087376,0.002184404368808738,0.021844043688087376,0.008925149051484902,0.005015905269905778,0.005015905269905778,0.49930747922437674,3937,3937,0.6183850296166693,0.6000000000000001,0.1,0.30000000000000004
0.02032004064008128,0.002032004064008128,0.02032004064008128,0.00858226196746633,0.005207413589430353,0.005207413589430353,0.41481994459833793,3937,3937,0.7877169350355723,0.1,0.8,0.1
0.019812039624079247,0.001981203962407925,0.019812039624079247,0.008416870166737696,0.005128693590720514,0.005128693590720514,0.4293628808864266,3937,3937,0.7259639964156366,0.30000000000000004,0.5,0.2
0.021082042164084328,0.002108204216408433,0.021082042164084328,0.008094464101451726,0.00427769109506473,0.00427769109506473,0.45637119113573404,3937,3937,0.501254166007673,0.8,0.0,0.2
0.019304038608077216,0.0019304038608077216,0.019304038608077216,0.008094027632505779,0.004861892263467066,0.004861892263467066,0.41897506925207756,3937,3937,0.7086938187757288,0.4,0.4,0.2
0.019304038608077216,0.0019304038608077218,0.019304038608077216,0.007991631028967383,0.004694070499252109,0.004694070499252109,0.4224376731301939,3937,3937,0.6730277059574478,0.5,0.30000000000000004,0.2
0.02032004064008128,0.002032004064008128,0.02032004064008128,0.007859395985911911,0.00418475916316912,0.00418475916316912,0.4439058171745152,3937,3937,0.5193585173520338,0.7000000000000001,0.1,0.2
0.019304038608077216,0.0019304038608077218,0.019304038608077216,0.007834902153848222,0.004419104869955772,0.004419104869955772,0.4265927977839335,3937,3937,0.6212535870615559,0.6000000000000001,0.2,0.2
0.020066040132080264,0.0020066040132080266,0.020066040132080264,0.007184283610388277,0.003541089621861783,0.003541089621861783,0.4231301939058172,3937,3937,0.43936174713729814,0.9,0.0,0.1
0.01600203200406401,0.001600203200406401,0.01600203200406401,0.0069256666047455735,0.004286258572517145,0.004286258572517145,0.3559556786703601,3937,3937,0.7044490376081981,0.2,0.7000000000000001,0.1
0.015748031496062992,0.0015748031496062992,0.015748031496062992,0.0068837731387696634,0.0042610601094218055,0.0042610601094218055,0.36634349030470914,3937,3937,0.8239039111582651,0.0,1.0,0.0
0.014986029972059944,0.0014986029972059946,0.014986029972059944,0.006540219354168297,0.004088501034144925,0.004088501034144925,0.3414127423822715,3937,3937,0.685073295367655,0.30000000000000004,0.6000000000000001,0.1
0.01651003302006604,0.001651003302006604,0.01651003302006604,0.006102619638373824,0.003136805479960166,0.003136805479960166,0.35803324099722994,3937,3937,0.4274553422529376,0.8,0.1,0.1
0.013208026416052832,0.0013208026416052833,0.013208026416052832,0.006046792999022237,0.003977023033411146,0.003977023033411146,0.3060941828254848,3937,3937,0.6398732966152759,0.4,0.5,0.1
0.012192024384048768,0.0012192024384048768,0.012192024384048768,0.005616475573883648,0.0037178820389386818,0.0037178820389386818,0.29293628808864264,3937,3937,0.5949436760208893,0.5,0.4,0.1
0.010414020828041656,0.0010414020828041655,0.010414020828041656,0.005175845447380329,0.0035892690833000712,0.0035892690833000712,0.1634349030470914,3937,3937,0.6835704023150495,0.1,0.9,0.0
0.009906019812039623,0.0009906019812039625,0.009906019812039623,0.005012486773528703,0.003524055460809334,0.003524055460809334,0.16066481994459833,3937,3937,0.6592528680893397,0.2,0.8,0.0
0.01143002286004572,0.001143002286004572,0.01143002286004572,0.005003185544837483,0.0031178562357124713,0.0031178562357124713,0.29085872576177285,3937,3937,0.5393803556784813,0.6000000000000001,0.30000000000000004,0.1
0.009906019812039623,0.0009906019812039625,0.009906019812039623,0.0049506307557510435,0.0034602529522519358,0.0034602529522519358,0.157202216066482,3937,3937,0.6365172216182906,0.30000000000000004,0.7000000000000001,0.0
0.009652019304038608,0.0009652019304038609,0.009652019304038608,0.004945595675707661,0.0035488507484951483,0.0035488507484951483,0.15581717451523547,3937,3937,0.6084286710619438,0.4,0.6000000000000001,0.0
0.009398018796037593,0.0009398018796037593,0.009398018796037593,0.004806474605097073,0.0034475529268518856,0.0034475529268518856,0.15166204986149584,3937,3937,0.5764753256185471,0.5,0.5,0.0
0.011176022352044705,0.0011176022352044706,0.011176022352044705,0.004520325131022752,0.0025734686390007705,0.0025734686390007705,0.2894736842105263,3937,3937,0.4684213584364474,0.7000000000000001,0.2,0.1
0.01143002286004572,0.001143002286004572,0.01143002286004572,0.004517332343860941,0.0025166209062576854,0.0025166209062576854,0.20221606648199447,3937,3937,0.3121556759873393,1.0,0.0,0.0
0.008382016764033528,0.0008382016764033527,0.008382016764033528,0.004360165143810935,0.003149908680769742,0.003149908680769742,0.1481994459833795,3937,3937,0.5367866334223754,0.6000000000000001,0.4,0.0
0.007874015748031496,0.0007874015748031496,0.007874015748031496,0.0038186715062840516,0.002570948792691236,0.002570948792691236,0.14542936288088643,3937,3937,0.4891373488392231,0.7000000000000001,0.30000000000000004,0.0
0.008128016256032511,0.0008128016256032512,0.008128016256032511,0.0035476425829102146,0.0021723091065229748,0.0021723091065229748,0.14127423822714683,3937,3937,0.3717381135898171,0.9,0.1,0.0
0.007366014732029464,0.0007366014732029465,0.007366014732029464,0.003369143891514139,0.0021426757139228567,0.0021426757139228567,0.1419667590027701,3937,3937,0.42390347587105803,0.8,0.2,0.0
